{
  "SDPA": {
    "tflops": 1261.8427343633077,
    "tc_util_pct": 56.0818993050359,
    "arithmetic_intensity": 8192.25,
    "bound_type": "compute",
    "efficiency": 0.560818993050359,
    "distance_to_peak": 988.1572656366923
  },
  "FA4": {
    "tflops": 1336.675878262605,
    "tc_util_pct": 59.40781681167133,
    "arithmetic_intensity": 8192.25,
    "bound_type": "compute",
    "efficiency": 0.5940781681167133,
    "distance_to_peak": 913.324121737395
  },
  "Stage0": {
    "tflops": 4.140443155025446,
    "tc_util_pct": 0.1840196957789087,
    "arithmetic_intensity": 1024.25,
    "bound_type": "compute",
    "efficiency": 0.001840196957789087,
    "distance_to_peak": 2245.8595568449746
  },
  "Stage1": {
    "tflops": 4.546127946403915,
    "tc_util_pct": 0.20205013095128507,
    "arithmetic_intensity": 1024.25,
    "bound_type": "compute",
    "efficiency": 0.0020205013095128507,
    "distance_to_peak": 2245.453872053596
  },
  "Stage2": {
    "tflops": 2.103436167503134,
    "tc_util_pct": 0.09348605188902817,
    "arithmetic_intensity": 1024.25,
    "bound_type": "compute",
    "efficiency": 0.0009348605188902817,
    "distance_to_peak": 2247.8965638324967
  },
  "Stage3": {
    "tflops": 2.098331948721624,
    "tc_util_pct": 0.09325919772096106,
    "arithmetic_intensity": 1024.25,
    "bound_type": "compute",
    "efficiency": 0.0009325919772096106,
    "distance_to_peak": 2247.901668051278
  },
  "Stage4": {
    "tflops": 4.147699978362936,
    "tc_util_pct": 0.18434222126057492,
    "arithmetic_intensity": 1024.25,
    "bound_type": "compute",
    "efficiency": 0.0018434222126057491,
    "distance_to_peak": 2245.852300021637
  }
}