{
  "SDPA": {
    "tflops": 1264.8037784712083,
    "tc_util_pct": 56.21350126538703,
    "arithmetic_intensity": 8192.25,
    "bound_type": "compute",
    "efficiency": 0.5621350126538703,
    "distance_to_peak": 985.1962215287917
  },
  "FA4": {
    "tflops": 1317.0569747058612,
    "tc_util_pct": 58.535865542482725,
    "arithmetic_intensity": 8192.25,
    "bound_type": "compute",
    "efficiency": 0.5853586554248272,
    "distance_to_peak": 932.9430252941388
  },
  "Stage0": {
    "tflops": 1082.8435715230078,
    "tc_util_pct": 48.126380956578124,
    "arithmetic_intensity": 1024.25,
    "bound_type": "compute",
    "efficiency": 0.48126380956578124,
    "distance_to_peak": 1167.1564284769922
  },
  "Stage1": {
    "tflops": 963.2485559144957,
    "tc_util_pct": 42.81104692953314,
    "arithmetic_intensity": 1024.25,
    "bound_type": "compute",
    "efficiency": 0.4281104692953314,
    "distance_to_peak": 1286.7514440855043
  },
  "Stage2": {
    "tflops": 876.5742135800406,
    "tc_util_pct": 38.95885393689069,
    "arithmetic_intensity": 1024.25,
    "bound_type": "compute",
    "efficiency": 0.3895885393689069,
    "distance_to_peak": 1373.4257864199594
  },
  "Stage3": {
    "tflops": 935.8908753967204,
    "tc_util_pct": 41.595150017632015,
    "arithmetic_intensity": 1024.25,
    "bound_type": "compute",
    "efficiency": 0.41595150017632015,
    "distance_to_peak": 1314.1091246032797
  },
  "Stage4": {
    "tflops": 940.464363451775,
    "tc_util_pct": 41.79841615341222,
    "arithmetic_intensity": 1024.25,
    "bound_type": "compute",
    "efficiency": 0.4179841615341222,
    "distance_to_peak": 1309.535636548225
  }
}