backend,m,n,k,warmup,iters,avg_ms,median_ms,min_ms,gflops,tflops,checksum
naive,128,128,128,5,20,0.012005,0.011952,0.010784,350.929057,0.350929,-292.461313
simt,128,128,128,5,20,0.008056,0.007920,0.007584,529.583854,0.529584,-292.461313
cublas,128,128,128,5,20,0.013986,0.013904,0.011744,301.661687,0.301662,-292.461313
naive,512,512,512,5,20,0.062725,0.062528,0.061024,4293.044062,4.293044,-5466.051136
simt,512,512,512,5,20,0.045398,0.045472,0.044480,5903.313186,5.903313,-5466.051136
cublas,512,512,512,5,20,0.019869,0.020048,0.019040,13389.637724,13.389638,-5466.051136
