backend,m,n,k,warmup,iters,avg_ms,median_ms,min_ms,gflops,tflops,checksum
naive,128,128,128,5,20,0.012064,0.012416,0.011040,337.814433,0.337814,-292.461313
cublas,128,128,128,5,20,0.013090,0.012592,0.012096,333.092758,0.333093,-292.461313
naive,512,512,512,5,20,0.063136,0.063008,0.061888,4260.339060,4.260339,-5466.051136
cublas,512,512,512,5,20,0.020893,0.021104,0.020064,12719.647912,12.719648,-5466.051136
naive,1024,1024,1024,5,20,0.395149,0.395600,0.384320,5428.421882,5.428422,9860.372612
cublas,1024,1024,1024,5,20,0.053288,0.053392,0.052096,40221.074843,40.221075,9860.372612
